--Create Database
create database Starbucks
use Starbucks

--Create Customers Table:
CREATE TABLE customers (
    customer_id int PRIMARY KEY,
    customer_name TEXT,
    customer_email TEXT,
    customer_phone TEXT,
    customer_age INT,
    customer_gender TEXT);

--Insert 20 Customers:
INSERT INTO customers (customer_id, customer_name, customer_email, customer_phone, customer_age, customer_gender)
VALUES
('001','Ayan Khan','ayan@gmail.com','9876543210',25,'Male'),
('002','Riya Sharma','riya@gmail.com','9123456780',23,'Female'),
('003','Arjun Verma','arjun@gmail.com','9988776655',30,'Male'),
('004','Sneha Gupta','sneha@gmail.com','9871234567',28,'Female'),
('005','Rahul Mehta','rahul@gmail.com','9012345678',35,'Male'),
('006','Neha Singh','neha@gmail.com','9001112233',26,'Female'),
('007','Vikram Patel','vikram@gmail.com','9112233445',32,'Male'),
('008','Amit Yadav','amit@gmail.com','9223344556',29,'Male'),
('009','Pooja Verma','pooja@gmail.com','9334455667',24,'Female'),
('010','Rohit Sharma','rohit@gmail.com','9445566778',31,'Male'),
('011','Anjali Mehra','anjali@gmail.com','9556677889',27,'Female'),
('012','Karan Malhotra','karan@gmail.com','9667788990',34,'Male'),
('013','Simran Kaur','simran@gmail.com','9778899001',22,'Female'),
('014','Manish Jain','manish@gmail.com','9889900112',36,'Male'),
('015','Priya Nair','priya@gmail.com','9990011223',28,'Female'),
('016','Saurabh Mishra','saurabh@gmail.com','9001122334',33,'Male'),
('017','Kavya Reddy','kavya@gmail.com','9112233446',26,'Female'),
('018','Nikhil Kapoor','nikhil@gmail.com','9223344557',29,'Male'),
('019','Meera Iyer','meera@gmail.com','9334455668',27,'Female'),
('020','Aditya Roy','aditya@gmail.com','9445566779',30,'Male');

select * from customers

--Create Items Table:
CREATE TABLE items (
    id INT PRIMARY KEY,
    item TEXT,
    calories INT,
    fat FLOAT,
    carb INT,
    fiber INT,
    protein INT,
    type TEXT);

--Insert 20 Items (Items Table):
INSERT INTO items (id, item, calories, fat, carb, fiber, protein, type)
VALUES
(1, 'Caffe Latte', 190, 7.0, 19, 0, 12, 'Beverage'),
(2, 'Cappuccino', 120, 4.5, 12, 0, 8, 'Beverage'),
(3, 'Espresso', 5, 0.2, 1, 0, 1, 'Beverage'),
(4, 'Americano', 15, 0.1, 3, 0, 1, 'Beverage'),
(5, 'Mocha', 290, 10.0, 35, 1, 9, 'Beverage'),
(6, 'Caramel Macchiato', 250, 10.0, 34, 1, 8, 'Beverage'),
(7, 'Vanilla Latte', 210, 8.0, 27, 0, 9, 'Beverage'),
(8, 'Iced Coffee', 120, 3.5, 20, 0, 2, 'Beverage'),
(9, 'Cold Brew', 5, 0.1, 2, 0, 1, 'Beverage'),
(10, 'Frappuccino', 300, 12.0, 40, 1, 6, 'Beverage'),
(11, 'Blueberry Muffin', 320, 14.0, 45, 2, 5, 'Food'),
(12, 'Chocolate Croissant', 300, 18.0, 30, 2, 6, 'Food'),
(13, 'Veg Sandwich', 350, 12.0, 40, 4, 10, 'Food'),
(14, 'Chicken Sandwich', 380, 14.0, 35, 2, 18, 'Food'),
(15, 'Paneer Wrap', 400, 15.0, 45, 3, 12, 'Food'),
(16, 'Cheese Burger', 450, 20.0, 38, 2, 15, 'Food'),
(17, 'Grilled Chicken Wrap', 420, 16.0, 30, 2, 20, 'Food'),
(18, 'Veg Puff', 280, 13.0, 32, 2, 6, 'Food'),
(19, 'Brownie', 350, 18.0, 42, 2, 5, 'Food'),
(20, 'Chocolate Donut', 270, 14.0, 33, 1, 4, 'Food');

select * from items

--Create Sales Table:
CREATE TABLE sales (
    transaction_id varchar(500) PRIMARY KEY,
    store_id INT,
    datetime DATETIME,
    customer_id int,
    item_id INT,
    quantity INT,
    price FLOAT,
    total_amount FLOAT,
    payment_mode TEXT,
    customer_type TEXT);


INSERT INTO sales (transaction_id, store_id, datetime, customer_id, item_id, quantity, price, total_amount, payment_mode, customer_type)
VALUES
('T200',101,'2025-04-19 08:10:00','001',1,2,250,500,'UPI','Regular'),
('T201',102,'2025-04-19 09:20:00','002',2,1,200,200,'Card','New'),
('T202',103,'2025-04-19 10:30:00','003',3,3,100,300,'Cash','Regular'),
('T203',101,'2025-04-19 11:15:00','004',4,2,150,300,'UPI','Regular'),
('T204',102,'2025-04-19 12:40:00','005',5,1,180,180,'Card','New'),
('T205',103,'2025-04-19 13:10:00','006',6,2,300,600,'UPI','Regular'),
('T206',101,'2025-04-19 14:25:00','007',7,1,220,220,'Cash','New'),
('T207',102,'2025-04-19 15:35:00','008',8,3,150,450,'UPI','Regular'),
('T208',103,'2025-04-19 16:50:00','009',9,2,200,400,'Card','Regular'),
('T209',101,'2025-04-19 17:15:00','010',10,1,320,320,'UPI','New'),
('T210',102,'2025-04-19 18:20:00','011',11,2,250,500,'Cash','Regular'),
('T211',103,'2025-04-19 19:40:00','012',12,1,180,180,'UPI','New'),
('T212',101,'2025-04-19 20:10:00','013',13,2,240,480,'Card','Regular'),
('T213',102,'2025-04-19 21:30:00','014',14,1,260,260,'Cash','New'),
('T214',103,'2025-04-19 22:00:00','015',15,2,280,560,'UPI','Regular'),
('T215',101,'2025-04-19 08:45:00','016',16,1,300,300,'Card','New'),
('T216',102,'2025-04-19 09:55:00','017',17,2,270,540,'UPI','Regular'),
('T217',103,'2025-04-19 10:05:00','018',18,3,120,360,'Cash','New'),
('T218',101,'2025-04-19 11:50:00','019',19,1,150,150,'UPI','Regular'),
('T219',102,'2025-04-19 12:20:00','020',20,2,130,260,'Card','Regular'),
('T220',103,'2025-04-19 13:30:00','001',1,1,250,250,'Cash','New'),
('T221',101,'2025-04-19 14:10:00','002',2,2,200,400,'UPI','Regular'),
('T222',102,'2025-04-19 15:25:00','003',3,1,100,100,'Card','New'),
('T223',103,'2025-04-19 16:35:00','004',4,2,150,300,'Cash','Regular'),
('T224',101,'2025-04-19 17:45:00','005',5,1,180,180,'UPI','New'),
('T225',101,'2025-04-20 08:15:00','006',6,2,300,600,'Card','Regular'),
('T226',102,'2025-04-20 09:25:00','007',7,1,220,220,'UPI','New'),
('T227',103,'2025-04-20 10:40:00','008',8,2,150,300,'Cash','Regular'),
('T228',101,'2025-04-20 11:55:00','009',9,1,200,200,'UPI','New'),
('T229',102,'2025-04-20 12:10:00','010',10,3,320,960,'Card','Regular'),
('T230',103,'2025-04-20 13:20:00','011',11,2,250,500,'Cash','New'),
('T231',101,'2025-04-20 14:30:00','012',12,1,180,180,'UPI','Regular'),
('T232',102,'2025-04-20 15:45:00','013',13,2,240,480,'Card','Regular'),
('T233',103,'2025-04-20 16:10:00','014',14,3,260,780,'Cash','New'),
('T234',101,'2025-04-20 17:25:00','015',15,1,280,280,'UPI','Regular'),
('T235',102,'2025-04-20 18:35:00','016',16,2,300,600,'Card','New'),
('T236',103,'2025-04-20 19:50:00','017',17,1,270,270,'Cash','Regular'),
('T237',101,'2025-04-20 20:05:00','018',18,2,120,240,'UPI','New'),
('T238',102,'2025-04-20 21:20:00','019',19,1,150,150,'Card','Regular'),
('T239',103,'2025-04-20 22:10:00','020',20,2,130,260,'Cash','New'),
('T240',101,'2025-04-20 08:35:00','001',1,2,250,500,'UPI','Regular'),
('T241',102,'2025-04-20 09:45:00','002',2,1,200,200,'Card','New'),
('T242',103,'2025-04-20 10:55:00','003',3,2,100,200,'Cash','Regular'),
('T243',101,'2025-04-20 11:05:00','004',4,1,150,150,'UPI','New'),
('T244',102,'2025-04-20 12:15:00','005',5,2,180,360,'Card','Regular'),
('T245',103,'2025-04-20 13:25:00','006',6,1,300,300,'Cash','New'),
('T246',101,'2025-04-20 14:35:00','007',7,2,220,440,'UPI','Regular'),
('T247',102,'2025-04-20 15:50:00','008',8,1,150,150,'Card','New'),
('T248',103,'2025-04-20 16:20:00','009',9,2,200,400,'Cash','Regular'),
('T249',101,'2025-04-20 17:30:00','010',10,1,320,320,'UPI','New');

select * from sales

INSERT INTO sales (transaction_id, store_id, datetime, customer_id, item_id, quantity, price, total_amount, payment_mode, customer_type)
VALUES
-- Previous Date: 2025-04-19
('T250',101,'2025-04-19 08:05:00','011',11,1,250,250,'UPI','Regular'),
('T251',102,'2025-04-19 09:10:00','012',12,2,180,360,'Card','New'),
('T252',103,'2025-04-19 10:20:00','013',13,1,240,240,'Cash','Regular'),
('T253',101,'2025-04-19 11:30:00','014',14,2,260,520,'UPI','Regular'),
('T254',102,'2025-04-19 12:45:00','015',15,1,280,280,'Card','New'),
('T255',103,'2025-04-19 13:15:00','016',16,2,300,600,'UPI','Regular'),
('T256',101,'2025-04-19 14:20:00','017',17,1,270,270,'Cash','New'),
('T257',102,'2025-04-19 15:40:00','018',18,2,120,240,'UPI','Regular'),
('T258',103,'2025-04-19 16:55:00','019',19,1,150,150,'Card','Regular'),
('T259',101,'2025-04-19 17:25:00','020',20,2,130,260,'UPI','New'),
('T260',102,'2025-04-19 18:30:00','001',1,1,250,250,'Cash','Regular'),
('T261',103,'2025-04-19 19:50:00','002',2,2,200,400,'UPI','New'),
('T262',101,'2025-04-19 20:15:00','003',3,1,100,100,'Card','Regular'),
('T263',102,'2025-04-19 21:35:00','004',4,2,150,300,'Cash','New'),
('T264',103,'2025-04-19 22:05:00','005',5,1,180,180,'UPI','Regular'),
('T265',101,'2025-04-19 08:50:00','006',6,2,300,600,'Card','New'),
('T266',102,'2025-04-19 09:55:00','007',7,1,220,220,'UPI','Regular'),
('T267',103,'2025-04-19 10:10:00','008',8,2,150,300,'Cash','New'),
('T268',101,'2025-04-19 11:45:00','009',9,1,200,200,'UPI','Regular'),
('T269',102,'2025-04-19 12:25:00','010',10,2,320,640,'Card','Regular'),
('T270',103,'2025-04-19 13:35:00','011',11,1,250,250,'Cash','New'),
('T271',101,'2025-04-19 14:05:00','012',12,2,180,360,'UPI','Regular'),
('T272',102,'2025-04-19 15:20:00','013',13,1,240,240,'Card','New'),
('T273',103,'2025-04-19 16:30:00','014',14,2,260,520,'Cash','Regular'),
('T274',101,'2025-04-19 17:40:00','015',15,1,280,280,'UPI','New'),

--Today Date: 2025-04-20
('T275',101,'2025-04-20 08:20:00','016',16,2,300,600,'Card','Regular'),
('T276',102,'2025-04-20 09:30:00','017',17,1,270,270,'UPI','New'),
('T277',103,'2025-04-20 10:45:00','018',18,2,120,240,'Cash','Regular'),
('T278',101,'2025-04-20 11:50:00','019',19,1,150,150,'UPI','New'),
('T279',102,'2025-04-20 12:05:00','020',20,2,130,260,'Card','Regular'),
('T280',103,'2025-04-20 13:15:00','001',1,1,250,250,'Cash','New'),
('T281',101,'2025-04-20 14:25:00','002',2,2,200,400,'UPI','Regular'),
('T282',102,'2025-04-20 15:35:00','003',3,1,100,100,'Card','New'),
('T283',103,'2025-04-20 16:05:00','004',4,2,150,300,'Cash','Regular'),
('T284',101,'2025-04-20 17:15:00','005',5,1,180,180,'UPI','New'),
('T285',102,'2025-04-20 18:25:00','006',6,2,300,600,'Card','Regular'),
('T286',103,'2025-04-20 19:40:00','007',7,1,220,220,'Cash','New'),
('T287',101,'2025-04-20 20:00:00','008',8,2,150,300,'UPI','Regular'),
('T288',102,'2025-04-20 21:10:00','009',9,1,200,200,'Card','New'),
('T289',103,'2025-04-20 22:20:00','010',10,2,320,640,'Cash','Regular'),
('T290',101,'2025-04-20 08:40:00','011',11,1,250,250,'UPI','New'),
('T291',102,'2025-04-20 09:50:00','012',12,2,180,360,'Card','Regular'),
('T292',103,'2025-04-20 10:05:00','013',13,1,240,240,'Cash','New'),
('T293',101,'2025-04-20 11:25:00','014',14,2,260,520,'UPI','Regular'),
('T294',102,'2025-04-20 12:35:00','015',15,1,280,280,'Card','New'),
('T295',103,'2025-04-20 13:45:00','016',16,2,300,600,'Cash','Regular'),
('T296',101,'2025-04-20 14:55:00','017',17,1,270,270,'UPI','New'),
('T297',102,'2025-04-20 15:15:00','018',18,2,120,240,'Card','Regular'),
('T298',103,'2025-04-20 16:25:00','019',19,1,150,150,'Cash','New'),
('T299',101,'2025-04-20 17:35:00','020',20,2,130,260,'UPI','Regular');

select * from sales